{"stats":{"minecraft:picked_up":{"minecraft:crafting_table":3,"minecraft:creeper_head":2,"minecraft:lead":2,"minecraft:oak_log":9,"iceandfire:manuscript":3,"minecraft:dirt":16,"spartanweaponry:scythe_silver":2,"minecraft:smooth_sandstone":7,"minecraft:bone":6,"minecraft:iron_ingot":7,"minecraft:iron_ore":15,"minecraft:iron_pickaxe":1,"minecraft:poppy":2,"minecraft:rabbit":2,"minecraft:sugar_cane":12,"minecraft:oak_planks":26,"minecraft:stick":1,"minecraft:torch":1,"minecraft:acacia_log":7,"minecraft:sand":35,"minecraft:diorite":4,"minecraft:green_carpet":1,"minecraft:iron_horse_armor":1,"minecraft:arrow":10,"minecraft:cactus":3,"minecraft:rotten_flesh":22,"minecraft:granite":8,"minecraft:mutton":7,"minecraft:coal":135,"minecraft:skeleton_skull":1,"minecraft:white_wool":4,"minecraft:cobblestone":31},"minecraft:custom":{"minecraft:mob_kills":22,"minecraft:interact_with_crafting_table":3,"minecraft:play_one_minute":32381,"minecraft:time_since_death":1654,"minecraft:sleep_in_bed":1,"minecraft:time_since_rest":1681,"minecraft:sprint_one_cm":51887,"minecraft:damage_taken":1280,"minecraft:walk_one_cm":96315,"minecraft:drop":4,"minecraft:damage_dealt":4449,"minecraft:player_kills":1,"minecraft:swim_one_cm":9439,"minecraft:talked_to_villager":2,"minecraft:fly_one_cm":137693,"minecraft:open_chest":6,"minecraft:crouch_one_cm":12417,"minecraft:deaths":3,"minecraft:sneak_time":3099,"minecraft:walk_under_water_one_cm":1673,"minecraft:jump":855,"minecraft:walk_on_water_one_cm":4178,"minecraft:fall_one_cm":17877},"minecraft:killed_by":{"minecraft:zombie":1,"minecraft:enderman":1,"iceandfire:cockatrice":1},"minecraft:killed":{"minecraft:husk":2,"minecraft:zombie_villager":1,"minecraft:iron_golem":1,"minecraft:spider":1,"minecraft:creeper":1,"minecraft:sheep":3,"minecraft:skeleton":3,"minecraft:zombie":8,"minecraft:villager":2},"minecraft:crafted":{"minecraft:oak_planks":36,"minecraft:crafting_table":2,"minecraft:wooden_pickaxe":1,"minecraft:stick":16,"minecraft:iron_pickaxe":1,"minecraft:wooden_axe":1,"minecraft:acacia_planks":28,"minecraft:torch":28},"minecraft:used":{"minecraft:flint_and_steel":25,"minecraft:cactus":3,"minecraft:rotten_flesh":27,"minecraft:torch":10,"minecraft:dirt":1,"minecraft:sand":14,"minecraft:mutton":2,"minecraft:crafting_table":2,"spartanweaponry:scythe_silver":36,"minecraft:wooden_axe":7,"minecraft:iron_pickaxe":109,"minecraft:cobblestone":19},"minecraft:mined":{"minecraft:acacia_leaves":1,"minecraft:crafting_table":2,"minecraft:torch":1,"minecraft:granite":4,"minecraft:acacia_log":7,"minecraft:grass_block":5,"minecraft:tall_grass":1,"minecraft:cobblestone":1,"minecraft:sugar_cane":1,"minecraft:diorite":2,"minecraft:cactus":2,"minecraft:iron_ore":15,"minecraft:grass":4,"minecraft:oak_log":9,"minecraft:coal_ore":56,"minecraft:sand":14,"minecraft:dirt":4,"minecraft:stone":30,"minecraft:oak_leaves":3},"minecraft:dropped":{"minecraft:iron_horse_armor":1,"minecraft:dirt":1,"minecraft:smooth_sandstone":7,"iceandfire:manuscript":1}},"DataVersion":2586}