{"stats":{"minecraft:picked_up":{"minecraft:stick":1,"minecraft:cactus":3,"minecraft:rotten_flesh":8,"minecraft:acacia_log":7,"minecraft:sand":21,"minecraft:mutton":3,"minecraft:white_wool":2,"minecraft:crafting_table":1},"minecraft:custom":{"minecraft:time_since_rest":415,"minecraft:crouch_one_cm":3217,"minecraft:play_one_minute":8381,"minecraft:sprint_one_cm":18194,"minecraft:damage_taken":425,"minecraft:walk_one_cm":24441,"minecraft:sneak_time":82,"minecraft:walk_under_water_one_cm":403,"minecraft:mob_kills":10,"minecraft:jump":357,"minecraft:damage_dealt":1732,"minecraft:walk_on_water_one_cm":931,"minecraft:time_since_death":387,"minecraft:deaths":1,"minecraft:swim_one_cm":2246,"minecraft:interact_with_crafting_table":1,"minecraft:fall_one_cm":7523,"minecraft:fly_one_cm":42346},"minecraft:killed_by":{"minecraft:enderman":1},"minecraft:crafted":{"minecraft:acacia_planks":28,"minecraft:crafting_table":1,"minecraft:stick":4,"minecraft:wooden_pickaxe":1,"minecraft:wooden_axe":1},"minecraft:killed":{"minecraft:sheep":2,"minecraft:husk":2,"minecraft:zombie":5,"minecraft:spider":1},"minecraft:mined":{"minecraft:grass":2,"minecraft:acacia_log":7,"minecraft:acacia_leaves":1,"minecraft:cactus":2,"minecraft:tall_grass":1,"minecraft:crafting_table":1},"minecraft:used":{"minecraft:rotten_flesh":8,"minecraft:wooden_axe":7,"minecraft:mutton":2,"minecraft:crafting_table":1,"minecraft:cactus":3}},"DataVersion":2586}