{"stats":{"minecraft:broken":{"spartanweaponry:scythe_silver":1},"minecraft:picked_up":{"minecraft:crafting_table":5,"minecraft:creeper_head":3,"minecraft:flower_pot":1,"minecraft:andesite":4,"minecraft:lead":2,"minecraft:oak_log":9,"iceandfire:manuscript":3,"minecraft:string":4,"minecraft:dirt":45,"minecraft:iron_leggings":1,"spartanweaponry:scythe_silver":2,"minecraft:smooth_sandstone":7,"minecraft:zombie_head":6,"minecraft:bone":10,"minecraft:iron_ingot":27,"minecraft:iron_ore":113,"minecraft:iron_pickaxe":3,"minecraft:poppy":2,"minecraft:rabbit":2,"minecraft:sugar_cane":12,"minecraft:oak_planks":44,"minecraft:furnace":4,"spartanweaponry:scythe_iron":1,"minecraft:stick":1,"minecraft:jungle_door":1,"minecraft:cooked_porkchop":3,"minecraft:torch":3,"minecraft:acacia_log":25,"minecraft:gravel":4,"minecraft:sand":35,"minecraft:diorite":5,"minecraft:gold_ore":4,"minecraft:spider_eye":2,"minecraft:green_carpet":1,"minecraft:iron_horse_armor":1,"spartanweaponry:pole":1,"minecraft:arrow":15,"minecraft:cactus":4,"minecraft:rotten_flesh":30,"minecraft:iron_helmet":2,"minecraft:granite":8,"minecraft:emerald":1,"minecraft:mutton":7,"minecraft:coal":256,"minecraft:skeleton_skull":2,"minecraft:white_wool":4,"minecraft:cobblestone":56},"minecraft:custom":{"minecraft:interact_with_furnace":29,"minecraft:mob_kills":38,"minecraft:interact_with_crafting_table":24,"goblintraders:trade_with_goblin":11,"minecraft:play_one_minute":62381,"minecraft:pot_flower":1,"minecraft:damage_dealt_resisted":36,"minecraft:time_since_death":18301,"minecraft:sleep_in_bed":5,"minecraft:time_since_rest":1036,"minecraft:sprint_one_cm":83905,"minecraft:damage_taken":2500,"minecraft:walk_one_cm":196444,"minecraft:damage_blocked_by_shield":346,"minecraft:drop":12,"minecraft:damage_dealt":8235,"minecraft:player_kills":1,"minecraft:swim_one_cm":22672,"minecraft:talked_to_villager":2,"minecraft:fly_one_cm":171777,"minecraft:open_chest":6,"minecraft:crouch_one_cm":17776,"minecraft:deaths":7,"minecraft:sneak_time":4152,"minecraft:walk_under_water_one_cm":5414,"minecraft:jump":1351,"minecraft:walk_on_water_one_cm":10140,"minecraft:fall_one_cm":26585},"minecraft:killed_by":{"minecraft:husk":2,"minecraft:skeleton":1,"minecraft:zombie":2,"minecraft:enderman":1,"iceandfire:cockatrice":1},"minecraft:killed":{"minecraft:parrot":1,"minecraft:husk":3,"minecraft:zombie_villager":2,"minecraft:iron_golem":1,"minecraft:spider":2,"minecraft:creeper":2,"minecraft:sheep":3,"minecraft:skeleton":7,"minecraft:zombie":16,"minecraft:villager":2},"minecraft:crafted":{"spartanshields:shield_basic_wood":1,"minecraft:oak_planks":36,"spartanshields:shield_basic_iron":1,"spartanweaponry:pole":2,"minecraft:crafting_table":3,"minecraft:cooked_chicken":2,"minecraft:iron_helmet":3,"spartanweaponry:scythe_iron":2,"minecraft:wooden_pickaxe":1,"minecraft:furnace":1,"minecraft:cooked_mutton":7,"minecraft:air":0,"minecraft:iron_boots":1,"minecraft:iron_chestplate":1,"minecraft:iron_axe":1,"minecraft:stick":48,"minecraft:iron_ingot":73,"minecraft:iron_pickaxe":2,"minecraft:wooden_axe":1,"minecraft:iron_leggings":1,"minecraft:gold_ingot":3,"minecraft:acacia_planks":100,"minecraft:torch":72},"minecraft:mined":{"minecraft:acacia_leaves":2,"minecraft:potted_cactus":1,"minecraft:crafting_table":3,"minecraft:torch":2,"minecraft:granite":4,"minecraft:acacia_log":25,"minecraft:grass_block":5,"minecraft:tall_grass":1,"minecraft:cobblestone":1,"minecraft:sugar_cane":1,"minecraft:diorite":3,"minecraft:cactus":2,"minecraft:furnace":4,"minecraft:iron_ore":67,"minecraft:grass":5,"minecraft:oak_log":9,"minecraft:coal_ore":56,"minecraft:sand":14,"minecraft:dirt":6,"minecraft:stone":47,"minecraft:gold_ore":3,"minecraft:oak_leaves":3},"minecraft:used":{"minecraft:diorite":1,"minecraft:flint_and_steel":25,"minecraft:cactus":3,"minecraft:rotten_flesh":33,"minecraft:torch":41,"minecraft:dirt":10,"minecraft:sand":14,"minecraft:mutton":2,"minecraft:crafting_table":5,"spartanweaponry:scythe_silver":43,"minecraft:flower_pot":1,"minecraft:wooden_axe":7,"minecraft:zombie_head":1,"minecraft:iron_axe":15,"minecraft:iron_pickaxe":186,"minecraft:gravel":3,"spartanshields:shield_basic_iron":12,"minecraft:cobblestone":36,"minecraft:cooked_porkchop":3,"minecraft:furnace":1,"minecraft:jungle_door":1,"spartanweaponry:scythe_iron":42},"minecraft:dropped":{"minecraft:creeper_head":2,"minecraft:iron_helmet":2,"minecraft:iron_horse_armor":1,"minecraft:dirt":1,"minecraft:skeleton_skull":1,"minecraft:zombie_head":2,"minecraft:iron_pickaxe":1,"minecraft:smooth_sandstone":7,"iceandfire:manuscript":1}},"DataVersion":2586}