{"stats":{"minecraft:picked_up":{"minecraft:stick":1,"minecraft:crafting_table":1,"minecraft:lead":1,"minecraft:acacia_log":7,"minecraft:sand":35,"minecraft:dirt":1,"minecraft:iron_horse_armor":1,"iceandfire:manuscript":1,"spartanweaponry:scythe_silver":1,"minecraft:smooth_sandstone":7,"minecraft:cactus":3,"minecraft:rotten_flesh":22,"minecraft:iron_ingot":5,"minecraft:poppy":2,"minecraft:rabbit":1,"minecraft:sugar_cane":6,"minecraft:mutton":3,"minecraft:coal":17,"minecraft:white_wool":2},"minecraft:custom":{"minecraft:time_since_rest":0,"minecraft:sprint_one_cm":46103,"minecraft:damage_taken":985,"minecraft:walk_one_cm":58304,"minecraft:mob_kills":13,"minecraft:drop":4,"minecraft:damage_dealt":3110,"minecraft:talked_to_villager":2,"minecraft:interact_with_crafting_table":2,"minecraft:swim_one_cm":6580,"minecraft:fly_one_cm":128460,"minecraft:player_kills":1,"minecraft:open_chest":6,"minecraft:play_one_minute":20381,"minecraft:crouch_one_cm":9062,"minecraft:deaths":2,"minecraft:sneak_time":1629,"minecraft:walk_under_water_one_cm":714,"minecraft:jump":730,"minecraft:time_since_death":6394,"minecraft:walk_on_water_one_cm":1834,"minecraft:sleep_in_bed":1,"minecraft:fall_one_cm":15643},"minecraft:killed_by":{"iceandfire:cockatrice":1,"minecraft:enderman":1},"minecraft:crafted":{"minecraft:crafting_table":1,"minecraft:stick":4,"minecraft:wooden_pickaxe":1,"minecraft:wooden_axe":1,"minecraft:acacia_planks":28},"minecraft:killed":{"minecraft:sheep":2,"minecraft:husk":2,"minecraft:zombie":5,"minecraft:spider":1,"minecraft:iron_golem":1,"minecraft:villager":2},"minecraft:mined":{"minecraft:cactus":2,"minecraft:acacia_leaves":1,"minecraft:crafting_table":1,"minecraft:grass":2,"minecraft:acacia_log":7,"minecraft:sand":14,"minecraft:tall_grass":1,"minecraft:sugar_cane":1},"minecraft:used":{"minecraft:wooden_axe":7,"minecraft:flint_and_steel":25,"minecraft:cactus":3,"minecraft:rotten_flesh":22,"minecraft:sand":14,"minecraft:mutton":2,"minecraft:crafting_table":1,"spartanweaponry:scythe_silver":19},"minecraft:dropped":{"minecraft:dirt":1,"minecraft:iron_horse_armor":1,"minecraft:smooth_sandstone":7,"iceandfire:manuscript":1}},"DataVersion":2586}