{"stats":{"minecraft:broken":{"spartanweaponry:scythe_silver":1},"minecraft:picked_up":{"minecraft:crafting_table":6,"minecraft:iron_chestplate":2,"cgm:basic_bullet":128,"minecraft:creeper_head":3,"minecraft:flower_pot":1,"minecraft:lead":2,"iceandfire:manuscript":3,"minecraft:string":4,"minecraft:iron_axe":1,"spartanweaponry:scythe_silver":2,"minecraft:iron_leggings":2,"minecraft:zombie_head":9,"minecraft:iron_nugget":27,"minecraft:poppy":4,"minecraft:iron_pickaxe":6,"minecraft:sugar_cane":12,"cgm:advanced_bullet":96,"minecraft:egg":1,"minecraft:iron_boots":1,"minecraft:furnace":8,"minecraft:golden_helmet":1,"minecraft:stick":1,"minecraft:sandstone":26,"spartanshields:shield_basic_iron":1,"minecraft:jungle_door":1,"minecraft:torch":23,"minecraft:acacia_log":25,"minecraft:gray_dye":8,"minecraft:white_dye":5,"minecraft:diorite":17,"minecraft:iron_horse_armor":1,"minecraft:cactus":4,"minecraft:arrow":22,"minecraft:rotten_flesh":43,"minecraft:gold_ingot":6,"minecraft:mutton":7,"minecraft:skeleton_skull":2,"minecraft:white_wool":4,"minecraft:cobblestone":88,"minecraft:andesite":18,"minecraft:cut_sandstone":10,"minecraft:brown_wool":2,"minecraft:flint":2,"minecraft:oak_log":9,"minecraft:gunpowder":11,"minecraft:dirt":58,"minecraft:orange_terracotta":6,"minecraft:cooked_mutton":14,"minecraft:smooth_sandstone":7,"minecraft:bone":29,"minecraft:acacia_planks":56,"minecraft:wheat_seeds":2,"minecraft:iron_ingot":94,"minecraft:cooked_chicken":6,"minecraft:iron_ore":133,"minecraft:rabbit":2,"minecraft:oak_planks":44,"spartanweaponry:scythe_iron":3,"minecraft:cooked_porkchop":13,"cgm:rifle":5,"minecraft:gravel":12,"minecraft:sand":104,"minecraft:ink_sac":2,"minecraft:lily_of_the_valley":1,"minecraft:gold_ore":6,"minecraft:green_carpet":1,"minecraft:spider_eye":5,"cgm:pistol":1,"spartanweaponry:pole":1,"minecraft:light_gray_concrete":4,"minecraft:blue_terracotta":1,"minecraft:iron_helmet":4,"minecraft:granite":12,"minecraft:emerald":3,"cgm:workbench":1,"minecraft:coal":335,"minecraft:ender_pearl":2},"minecraft:custom":{"minecraft:mob_kills":53,"minecraft:interact_with_crafting_table":30,"goblintraders:trade_with_goblin":11,"minecraft:damage_dealt_resisted":36,"minecraft:leave_game":1,"minecraft:time_since_death":37749,"minecraft:sprint_one_cm":170778,"minecraft:walk_one_cm":325666,"minecraft:damage_blocked_by_shield":446,"minecraft:drop":70,"minecraft:talked_to_villager":2,"minecraft:deaths":8,"minecraft:sneak_time":5860,"minecraft:walk_under_water_one_cm":7937,"minecraft:jump":2288,"minecraft:walk_on_water_one_cm":22608,"minecraft:interact_with_furnace":31,"minecraft:play_one_minute":105660,"minecraft:pot_flower":1,"minecraft:sleep_in_bed":5,"minecraft:time_since_rest":37776,"minecraft:damage_taken":3677,"minecraft:damage_dealt":10209,"minecraft:fly_one_cm":363076,"minecraft:swim_one_cm":25060,"minecraft:player_kills":3,"minecraft:open_chest":8,"minecraft:crouch_one_cm":23511,"minecraft:fall_one_cm":52286},"minecraft:killed_by":{"minecraft:husk":2,"minecraft:enderman":1,"minecraft:skeleton":2,"minecraft:zombie":2,"iceandfire:cockatrice":1},"minecraft:crafted":{"minecraft:light_gray_concrete_powder":8,"minecraft:oak_planks":36,"spartanshields:shield_basic_iron":1,"minecraft:iron_nugget":54,"spartanweaponry:scythe_iron":2,"minecraft:cooked_chicken":2,"minecraft:furnace":1,"minecraft:cooked_mutton":7,"minecraft:iron_boots":1,"minecraft:iron_axe":1,"cgm:workbench":1,"spartanshields:shield_basic_wood":1,"spartanweaponry:pole":2,"minecraft:crafting_table":3,"minecraft:wooden_pickaxe":1,"minecraft:iron_helmet":3,"minecraft:air":0,"minecraft:iron_chestplate":1,"minecraft:stick":48,"minecraft:iron_pickaxe":2,"minecraft:iron_ingot":73,"minecraft:wooden_axe":1,"minecraft:gold_ingot":3,"minecraft:iron_leggings":1,"minecraft:light_gray_dye":2,"minecraft:acacia_planks":100,"minecraft:torch":72},"minecraft:killed":{"mowziesmobs:barakoan_barakoana":1,"minecraft:spider":3,"minecraft:skeleton":9,"minecraft:husk":3,"minecraft:parrot":1,"minecraft:zombie_villager":2,"minecraft:iron_golem":1,"minecraft:creeper":4,"minecraft:sheep":3,"minecraft:zombie":21,"mowziesmobs:barakoana":1,"minecraft:villager":2,"minecraft:enderman":1},"minecraft:mined":{"minecraft:potted_cactus":1,"minecraft:granite":4,"minecraft:acacia_log":25,"minecraft:grass_block":8,"minecraft:spawner":1,"cgm:workbench":1,"minecraft:furnace":4,"minecraft:iron_ore":78,"minecraft:light_gray_concrete":4,"minecraft:stone":63,"minecraft:acacia_leaves":2,"minecraft:lily_of_the_valley":1,"minecraft:crafting_table":4,"minecraft:torch":2,"minecraft:tall_grass":1,"minecraft:cobblestone":3,"minecraft:sugar_cane":1,"minecraft:diorite":3,"minecraft:cactus":2,"minecraft:grass":12,"minecraft:coal_ore":56,"minecraft:oak_log":9,"minecraft:sand":25,"minecraft:dirt":7,"minecraft:gold_ore":3,"minecraft:oak_leaves":3},"minecraft:used":{"minecraft:flint_and_steel":25,"minecraft:cooked_chicken":4,"minecraft:rotten_flesh":36,"minecraft:torch":44,"minecraft:dirt":12,"minecraft:mutton":2,"cgm:workbench":1,"cgm:rifle":33,"minecraft:wooden_axe":7,"minecraft:iron_axe":17,"minecraft:furnace":1,"minecraft:egg":1,"minecraft:cooked_mutton":7,"minecraft:water_bucket":1,"minecraft:diorite":5,"minecraft:cactus":3,"minecraft:ender_pearl":2,"minecraft:sand":21,"minecraft:crafting_table":5,"minecraft:light_gray_concrete_powder":8,"spartanweaponry:scythe_silver":43,"minecraft:flower_pot":1,"minecraft:zombie_head":1,"minecraft:iron_pickaxe":232,"minecraft:gravel":3,"spartanshields:shield_basic_iron":15,"minecraft:cobblestone":47,"minecraft:cooked_porkchop":9,"minecraft:jungle_door":1,"minecraft:bucket":2,"spartanweaponry:scythe_iron":63},"minecraft:dropped":{"minecraft:gold_ore":2,"minecraft:iron_ingot":18,"minecraft:wheat_seeds":2,"minecraft:golden_helmet":1,"minecraft:cooked_porkchop":2,"minecraft:iron_helmet":3,"minecraft:cobblestone":14,"minecraft:granite":4,"minecraft:iron_horse_armor":1,"minecraft:coal":10,"minecraft:emerald":2,"minecraft:dirt":9,"minecraft:ink_sac":1,"minecraft:brown_wool":1,"minecraft:cut_sandstone":10,"minecraft:zombie_head":4,"minecraft:sand":9,"minecraft:iron_pickaxe":3,"minecraft:string":1,"minecraft:smooth_sandstone":7,"minecraft:bone":7,"minecraft:gold_ingot":6,"cgm:rifle":4,"minecraft:gravel":2,"minecraft:furnace":4,"cgm:pistol":1,"minecraft:blue_terracotta":1,"minecraft:creeper_head":2,"minecraft:iron_nugget":22,"minecraft:cooked_chicken":2,"spartanweaponry:scythe_iron":1,"minecraft:rotten_flesh":5,"minecraft:cooked_mutton":7,"minecraft:lily_of_the_valley":1,"minecraft:gunpowder":3,"cgm:basic_bullet":128,"minecraft:orange_terracotta":6,"minecraft:skeleton_skull":1,"minecraft:iron_chestplate":1,"minecraft:andesite":7,"minecraft:spider_eye":2,"minecraft:sandstone":26,"minecraft:iron_ore":8,"minecraft:arrow":5,"iceandfire:manuscript":1}},"DataVersion":2586}