{"stats":{"minecraft:broken":{"spartanweaponry:scythe_silver":1},"minecraft:picked_up":{"minecraft:crafting_table":5,"minecraft:iron_chestplate":1,"minecraft:creeper_head":3,"minecraft:flower_pot":1,"minecraft:lead":2,"iceandfire:manuscript":3,"minecraft:string":4,"minecraft:iron_axe":1,"spartanweaponry:scythe_silver":2,"minecraft:iron_leggings":2,"minecraft:zombie_head":9,"minecraft:poppy":2,"minecraft:iron_pickaxe":6,"minecraft:sugar_cane":12,"minecraft:iron_boots":1,"minecraft:furnace":8,"minecraft:golden_helmet":1,"minecraft:stick":1,"minecraft:sandstone":26,"spartanshields:shield_basic_iron":1,"minecraft:jungle_door":1,"minecraft:torch":22,"minecraft:acacia_log":25,"minecraft:diorite":5,"minecraft:iron_horse_armor":1,"minecraft:cactus":4,"minecraft:arrow":20,"minecraft:rotten_flesh":40,"minecraft:gold_ingot":6,"minecraft:mutton":7,"minecraft:skeleton_skull":2,"minecraft:white_wool":4,"minecraft:cobblestone":70,"minecraft:andesite":18,"minecraft:cut_sandstone":10,"minecraft:brown_wool":1,"minecraft:oak_log":9,"minecraft:dirt":55,"minecraft:orange_terracotta":6,"minecraft:cooked_mutton":14,"minecraft:smooth_sandstone":7,"minecraft:bone":19,"minecraft:acacia_planks":56,"minecraft:iron_ingot":61,"minecraft:cooked_chicken":4,"minecraft:iron_ore":121,"minecraft:rabbit":2,"minecraft:oak_planks":44,"spartanweaponry:scythe_iron":3,"minecraft:cooked_porkchop":9,"minecraft:gravel":6,"minecraft:sand":44,"minecraft:ink_sac":1,"minecraft:gold_ore":6,"minecraft:green_carpet":1,"minecraft:spider_eye":3,"spartanweaponry:pole":1,"minecraft:blue_terracotta":1,"minecraft:iron_helmet":4,"minecraft:granite":12,"minecraft:emerald":3,"minecraft:coal":330,"minecraft:ender_pearl":2},"minecraft:custom":{"minecraft:mob_kills":42,"minecraft:interact_with_crafting_table":24,"goblintraders:trade_with_goblin":11,"minecraft:damage_dealt_resisted":36,"minecraft:time_since_death":6470,"minecraft:sprint_one_cm":98027,"minecraft:walk_one_cm":225647,"minecraft:damage_blocked_by_shield":396,"minecraft:drop":53,"minecraft:talked_to_villager":2,"minecraft:deaths":8,"minecraft:sneak_time":4334,"minecraft:walk_under_water_one_cm":6081,"minecraft:jump":1605,"minecraft:walk_on_water_one_cm":18934,"minecraft:interact_with_furnace":29,"minecraft:play_one_minute":74381,"minecraft:pot_flower":1,"minecraft:sleep_in_bed":5,"minecraft:time_since_rest":6497,"minecraft:damage_taken":2806,"minecraft:damage_dealt":9839,"minecraft:fly_one_cm":198430,"minecraft:swim_one_cm":25060,"minecraft:player_kills":1,"minecraft:open_chest":6,"minecraft:crouch_one_cm":19513,"minecraft:fall_one_cm":30586},"minecraft:killed_by":{"minecraft:husk":2,"minecraft:enderman":1,"minecraft:skeleton":2,"minecraft:zombie":2,"iceandfire:cockatrice":1},"minecraft:killed":{"minecraft:spider":3,"minecraft:skeleton":8,"minecraft:husk":3,"minecraft:parrot":1,"minecraft:zombie_villager":2,"minecraft:iron_golem":1,"minecraft:creeper":2,"minecraft:sheep":3,"minecraft:zombie":16,"minecraft:villager":2,"minecraft:enderman":1},"minecraft:crafted":{"minecraft:oak_planks":36,"spartanshields:shield_basic_iron":1,"spartanweaponry:scythe_iron":2,"minecraft:cooked_chicken":2,"minecraft:furnace":1,"minecraft:cooked_mutton":7,"minecraft:iron_boots":1,"minecraft:iron_axe":1,"spartanshields:shield_basic_wood":1,"spartanweaponry:pole":2,"minecraft:crafting_table":3,"minecraft:wooden_pickaxe":1,"minecraft:iron_helmet":3,"minecraft:air":0,"minecraft:iron_chestplate":1,"minecraft:stick":48,"minecraft:iron_pickaxe":2,"minecraft:iron_ingot":73,"minecraft:wooden_axe":1,"minecraft:gold_ingot":3,"minecraft:iron_leggings":1,"minecraft:acacia_planks":100,"minecraft:torch":72},"minecraft:mined":{"minecraft:potted_cactus":1,"minecraft:granite":4,"minecraft:acacia_log":25,"minecraft:grass_block":6,"minecraft:furnace":4,"minecraft:iron_ore":67,"minecraft:stone":47,"minecraft:acacia_leaves":2,"minecraft:crafting_table":3,"minecraft:torch":2,"minecraft:tall_grass":1,"minecraft:cobblestone":1,"minecraft:sugar_cane":1,"minecraft:diorite":3,"minecraft:cactus":2,"minecraft:grass":5,"minecraft:coal_ore":56,"minecraft:oak_log":9,"minecraft:sand":14,"minecraft:dirt":6,"minecraft:gold_ore":3,"minecraft:oak_leaves":3},"minecraft:used":{"minecraft:flint_and_steel":25,"minecraft:rotten_flesh":33,"minecraft:torch":43,"minecraft:dirt":12,"minecraft:mutton":2,"minecraft:wooden_axe":7,"minecraft:iron_axe":16,"minecraft:furnace":1,"minecraft:diorite":1,"minecraft:cactus":3,"minecraft:sand":14,"minecraft:crafting_table":5,"spartanweaponry:scythe_silver":43,"minecraft:flower_pot":1,"minecraft:zombie_head":1,"minecraft:iron_pickaxe":195,"minecraft:gravel":3,"spartanshields:shield_basic_iron":13,"minecraft:cobblestone":36,"minecraft:cooked_porkchop":4,"minecraft:jungle_door":1,"spartanweaponry:scythe_iron":55},"minecraft:dropped":{"minecraft:gold_ore":2,"minecraft:golden_helmet":1,"minecraft:cooked_porkchop":2,"minecraft:iron_helmet":3,"minecraft:cobblestone":14,"minecraft:granite":4,"minecraft:iron_horse_armor":1,"minecraft:coal":10,"minecraft:emerald":2,"minecraft:dirt":9,"minecraft:ink_sac":1,"minecraft:brown_wool":1,"minecraft:cut_sandstone":10,"minecraft:zombie_head":4,"minecraft:sand":9,"minecraft:iron_pickaxe":3,"minecraft:string":1,"minecraft:smooth_sandstone":7,"minecraft:bone":7,"minecraft:gold_ingot":6,"minecraft:gravel":2,"minecraft:furnace":4,"minecraft:blue_terracotta":1,"minecraft:creeper_head":2,"minecraft:cooked_chicken":2,"spartanweaponry:scythe_iron":1,"minecraft:rotten_flesh":5,"minecraft:cooked_mutton":7,"minecraft:orange_terracotta":6,"minecraft:skeleton_skull":1,"minecraft:andesite":7,"minecraft:sandstone":26,"minecraft:iron_ore":8,"minecraft:arrow":5,"iceandfire:manuscript":1}},"DataVersion":2586}