{"stats":{"minecraft:broken":{"spartanweaponry:scythe_silver":1},"minecraft:picked_up":{"minecraft:crafting_table":3,"minecraft:creeper_head":2,"minecraft:flower_pot":1,"minecraft:andesite":4,"minecraft:lead":2,"minecraft:oak_log":9,"iceandfire:manuscript":3,"minecraft:string":3,"minecraft:dirt":29,"spartanweaponry:scythe_silver":2,"minecraft:smooth_sandstone":7,"minecraft:zombie_head":4,"minecraft:bone":6,"minecraft:iron_ingot":18,"minecraft:iron_ore":45,"minecraft:iron_pickaxe":1,"minecraft:poppy":2,"minecraft:rabbit":2,"minecraft:sugar_cane":12,"minecraft:oak_planks":44,"minecraft:stick":1,"minecraft:jungle_door":1,"minecraft:torch":2,"minecraft:acacia_log":7,"minecraft:gravel":3,"minecraft:sand":35,"minecraft:diorite":4,"minecraft:gold_ore":1,"minecraft:spider_eye":1,"minecraft:green_carpet":1,"minecraft:iron_horse_armor":1,"spartanweaponry:pole":1,"minecraft:arrow":10,"minecraft:cactus":4,"minecraft:rotten_flesh":26,"minecraft:iron_helmet":1,"minecraft:granite":8,"minecraft:mutton":7,"minecraft:coal":168,"minecraft:skeleton_skull":1,"minecraft:white_wool":4,"minecraft:cobblestone":41},"minecraft:custom":{"minecraft:interact_with_furnace":12,"minecraft:mob_kills":29,"minecraft:interact_with_crafting_table":15,"minecraft:play_one_minute":44381,"minecraft:pot_flower":1,"minecraft:damage_dealt_resisted":36,"minecraft:time_since_death":301,"minecraft:sleep_in_bed":4,"minecraft:time_since_rest":327,"minecraft:sprint_one_cm":71260,"minecraft:damage_taken":2302,"minecraft:walk_one_cm":130211,"minecraft:drop":6,"minecraft:damage_dealt":5858,"minecraft:player_kills":1,"minecraft:swim_one_cm":16014,"minecraft:talked_to_villager":2,"minecraft:fly_one_cm":159718,"minecraft:open_chest":6,"minecraft:crouch_one_cm":16090,"minecraft:deaths":7,"minecraft:sneak_time":3457,"minecraft:walk_under_water_one_cm":3575,"minecraft:jump":1101,"minecraft:walk_on_water_one_cm":6670,"minecraft:fall_one_cm":23875},"minecraft:killed_by":{"minecraft:husk":2,"minecraft:skeleton":1,"minecraft:zombie":2,"minecraft:enderman":1,"iceandfire:cockatrice":1},"minecraft:killed":{"minecraft:husk":3,"minecraft:zombie_villager":1,"minecraft:iron_golem":1,"minecraft:spider":2,"minecraft:creeper":1,"minecraft:sheep":3,"minecraft:skeleton":5,"minecraft:zombie":12,"minecraft:villager":2},"minecraft:crafted":{"minecraft:oak_planks":36,"spartanweaponry:pole":2,"minecraft:crafting_table":2,"minecraft:iron_helmet":2,"spartanweaponry:scythe_iron":2,"minecraft:wooden_pickaxe":1,"minecraft:furnace":1,"minecraft:air":0,"minecraft:stick":36,"minecraft:iron_ingot":20,"minecraft:iron_pickaxe":2,"minecraft:wooden_axe":1,"minecraft:acacia_planks":28,"minecraft:torch":36},"minecraft:used":{"minecraft:flint_and_steel":25,"minecraft:cactus":3,"minecraft:rotten_flesh":29,"minecraft:torch":17,"minecraft:dirt":1,"minecraft:sand":14,"minecraft:mutton":2,"minecraft:crafting_table":3,"spartanweaponry:scythe_silver":43,"minecraft:flower_pot":1,"minecraft:wooden_axe":7,"minecraft:zombie_head":1,"minecraft:iron_pickaxe":120,"minecraft:gravel":3,"minecraft:cobblestone":21,"minecraft:furnace":1,"minecraft:jungle_door":1,"spartanweaponry:scythe_iron":8},"minecraft:mined":{"minecraft:acacia_leaves":1,"minecraft:potted_cactus":1,"minecraft:crafting_table":2,"minecraft:torch":2,"minecraft:granite":4,"minecraft:acacia_log":7,"minecraft:grass_block":5,"minecraft:tall_grass":1,"minecraft:cobblestone":1,"minecraft:sugar_cane":1,"minecraft:diorite":2,"minecraft:cactus":2,"minecraft:iron_ore":15,"minecraft:grass":4,"minecraft:oak_log":9,"minecraft:coal_ore":56,"minecraft:sand":14,"minecraft:dirt":4,"minecraft:stone":40,"minecraft:gold_ore":1,"minecraft:oak_leaves":3},"minecraft:dropped":{"minecraft:creeper_head":1,"minecraft:iron_helmet":1,"minecraft:iron_horse_armor":1,"minecraft:dirt":1,"minecraft:smooth_sandstone":7,"iceandfire:manuscript":1}},"DataVersion":2586}