{"stats":{"minecraft:picked_up":{"minecraft:lime_bed":2,"minecraft:iron_chestplate":1,"minecraft:andesite":28,"minecraft:cut_sandstone":26,"minecraft:brown_wool":5,"minecraft:oak_log":2,"minecraft:dirt":30,"minecraft:string":1,"minecraft:iron_axe":1,"minecraft:iron_leggings":1,"minecraft:orange_terracotta":15,"minecraft:cooked_mutton":7,"minecraft:bone":17,"minecraft:zombie_head":6,"minecraft:acacia_planks":56,"minecraft:sea_pickle":1,"minecraft:iron_ingot":44,"minecraft:cooked_chicken":2,"minecraft:iron_ore":22,"minecraft:iron_pickaxe":9,"minecraft:furnace":8,"minecraft:iron_boots":1,"minecraft:golden_helmet":5,"spartanweaponry:scythe_iron":5,"minecraft:sandstone":52,"minecraft:jungle_door":1,"minecraft:cooked_porkchop":9,"minecraft:torch":23,"minecraft:gravel":8,"minecraft:sand":45,"minecraft:ink_sac":1,"minecraft:carrot":1,"minecraft:gold_ore":3,"minecraft:spider_eye":5,"minecraft:arrow":14,"minecraft:blue_terracotta":5,"minecraft:rotten_flesh":26,"minecraft:iron_helmet":7,"minecraft:granite":26,"minecraft:emerald":3,"minecraft:saddle":1,"minecraft:gold_ingot":6,"minecraft:coal":173,"minecraft:cobblestone":82},"minecraft:custom":{"minecraft:interact_with_furnace":1,"minecraft:mob_kills":3,"minecraft:interact_with_crafting_table":1,"goblintraders:trade_with_goblin":1,"minecraft:play_one_minute":39469,"minecraft:leave_game":4,"minecraft:time_since_death":3816,"minecraft:sleep_in_bed":4,"minecraft:time_since_rest":3842,"minecraft:sprint_one_cm":72794,"minecraft:damage_taken":1820,"minecraft:walk_one_cm":106247,"minecraft:drop":23,"minecraft:damage_dealt":945,"minecraft:swim_one_cm":7272,"minecraft:fly_one_cm":74117,"minecraft:open_chest":4,"minecraft:crouch_one_cm":7226,"minecraft:deaths":5,"minecraft:sneak_time":298,"minecraft:walk_under_water_one_cm":10132,"minecraft:jump":774,"minecraft:walk_on_water_one_cm":13734,"minecraft:fall_one_cm":11074},"minecraft:killed_by":{"minecraft:husk":1,"minecraft:skeleton":1},"minecraft:killed":{"minecraft:skeleton":1,"minecraft:zombie":2},"minecraft:crafted":{"minecraft:emerald":1},"minecraft:mined":{"minecraft:grass_block":2,"minecraft:cobblestone":3,"minecraft:diorite":1,"minecraft:wall_torch":1,"minecraft:lime_bed":2,"minecraft:blue_terracotta":1,"minecraft:iron_ore":6,"minecraft:andesite":3,"minecraft:grass":7,"minecraft:oak_log":1,"minecraft:coal_ore":14,"minecraft:gravel":1,"minecraft:sand":6,"minecraft:dirt":13,"minecraft:stone":52},"minecraft:used":{"minecraft:cut_sandstone":1,"minecraft:rotten_flesh":2,"minecraft:dirt":12,"minecraft:lime_bed":2,"minecraft:carrot":1,"minecraft:granite":6,"minecraft:iron_pickaxe":92,"minecraft:gravel":1,"minecraft:cobblestone":22,"minecraft:furnace":4,"minecraft:cooked_porkchop":3,"minecraft:sea_pickle":1,"spartanweaponry:scythe_iron":9},"minecraft:dropped":{"minecraft:gold_ore":1,"minecraft:iron_ingot":8,"minecraft:iron_helmet":1,"minecraft:cobblestone":1,"minecraft:coal":57,"minecraft:emerald":2,"minecraft:dirt":3,"minecraft:ink_sac":1,"minecraft:zombie_head":2,"minecraft:spider_eye":1,"minecraft:iron_ore":6,"minecraft:arrow":3,"minecraft:iron_pickaxe":3}},"DataVersion":2586}