{"stats":{"minecraft:picked_up":{"minecraft:lime_bed":3,"minecraft:iron_chestplate":4,"cgm:basic_bullet":192,"minecraft:andesite":28,"minecraft:brown_wool":6,"minecraft:cut_sandstone":26,"minecraft:flint":2,"minecraft:oak_log":4,"minecraft:gunpowder":3,"minecraft:string":1,"minecraft:dirt":31,"minecraft:iron_axe":1,"minecraft:orange_terracotta":15,"minecraft:iron_leggings":4,"minecraft:cooked_mutton":7,"minecraft:bone":23,"minecraft:zombie_head":8,"minecraft:acacia_planks":56,"minecraft:sea_pickle":1,"minecraft:wheat_seeds":6,"minecraft:iron_ingot":44,"minecraft:cooked_chicken":2,"minecraft:iron_ore":22,"minecraft:iron_pickaxe":12,"minecraft:furnace":8,"minecraft:iron_boots":1,"minecraft:golden_helmet":6,"spartanweaponry:scythe_iron":8,"minecraft:sandstone":52,"minecraft:jungle_door":1,"minecraft:cooked_porkchop":9,"minecraft:torch":23,"minecraft:acacia_log":7,"minecraft:gravel":17,"minecraft:porkchop":7,"minecraft:sand":49,"minecraft:ink_sac":1,"minecraft:carrot":1,"minecraft:gold_ore":3,"minecraft:spider_eye":7,"cgm:pistol":1,"minecraft:arrow":32,"minecraft:blue_terracotta":5,"minecraft:rotten_flesh":26,"minecraft:iron_helmet":10,"minecraft:granite":26,"minecraft:emerald":6,"minecraft:saddle":1,"minecraft:gold_ingot":6,"minecraft:coal":178,"minecraft:skeleton_skull":1,"minecraft:cobblestone":82},"minecraft:custom":{"minecraft:interact_with_furnace":14,"minecraft:mob_kills":8,"minecraft:interact_with_crafting_table":10,"minecraft:play_one_minute":63182,"goblintraders:trade_with_goblin":1,"minecraft:damage_dealt_resisted":40,"minecraft:leave_game":6,"minecraft:time_since_death":5062,"minecraft:sleep_in_bed":4,"minecraft:damage_resisted":48,"minecraft:time_since_rest":5146,"minecraft:sprint_one_cm":93968,"minecraft:damage_taken":3350,"minecraft:walk_one_cm":183072,"minecraft:drop":27,"minecraft:damage_dealt":1674,"minecraft:swim_one_cm":7272,"minecraft:fly_one_cm":98319,"minecraft:open_chest":4,"minecraft:crouch_one_cm":14594,"minecraft:deaths":8,"minecraft:sneak_time":440,"minecraft:walk_under_water_one_cm":10132,"minecraft:jump":1219,"minecraft:walk_on_water_one_cm":13734,"minecraft:fall_one_cm":18170},"minecraft:killed_by":{"minecraft:husk":1,"minecraft:player":1,"minecraft:skeleton":1},"minecraft:crafted":{"minecraft:oak_planks":8,"minecraft:emerald":1,"minecraft:cooked_porkchop":4,"minecraft:crafting_table":5,"minecraft:iron_chestplate":1,"minecraft:iron_ingot":6,"minecraft:gold_ingot":1,"minecraft:iron_leggings":1,"minecraft:acacia_planks":28},"minecraft:killed":{"mowziesmobs:barakoan_barakoana":2,"minecraft:pig":3,"minecraft:skeleton":2,"minecraft:zombie":2},"minecraft:mined":{"minecraft:acacia_log":7,"minecraft:grass_block":2,"minecraft:cobblestone":3,"minecraft:diorite":1,"minecraft:wall_torch":2,"minecraft:lime_bed":3,"minecraft:blue_terracotta":1,"minecraft:iron_ore":6,"minecraft:andesite":3,"minecraft:grass":29,"minecraft:oak_log":3,"minecraft:coal_ore":14,"minecraft:gravel":12,"minecraft:sand":6,"minecraft:dirt":15,"minecraft:zombie_wall_head":1,"minecraft:stone":52},"minecraft:used":{"minecraft:blue_terracotta":1,"minecraft:sandstone":13,"minecraft:cut_sandstone":6,"minecraft:rotten_flesh":6,"minecraft:dirt":21,"minecraft:sand":10,"minecraft:lime_bed":3,"minecraft:crafting_table":5,"minecraft:carrot":1,"minecraft:granite":8,"minecraft:zombie_head":2,"minecraft:iron_pickaxe":103,"minecraft:gravel":12,"minecraft:cobblestone":35,"minecraft:furnace":4,"minecraft:cooked_porkchop":5,"minecraft:andesite":7,"minecraft:sea_pickle":1,"minecraft:skeleton_skull":1,"spartanweaponry:scythe_iron":45,"minecraft:orange_terracotta":3},"minecraft:dropped":{"minecraft:gold_ore":1,"minecraft:iron_ingot":8,"minecraft:wheat_seeds":1,"minecraft:iron_helmet":1,"minecraft:cobblestone":1,"minecraft:coal":57,"minecraft:flint":2,"minecraft:emerald":2,"minecraft:dirt":3,"cgm:basic_bullet":64,"minecraft:ink_sac":1,"minecraft:zombie_head":2,"minecraft:spider_eye":1,"minecraft:iron_ore":6,"minecraft:arrow":3,"minecraft:iron_pickaxe":3}},"DataVersion":2586}