{"stats":{"minecraft:picked_up":{"minecraft:golden_helmet":1,"minecraft:lime_bed":2,"minecraft:jungle_door":1,"minecraft:arrow":4,"minecraft:rotten_flesh":2,"minecraft:sea_pickle":1,"minecraft:torch":2,"minecraft:iron_pickaxe":1,"minecraft:carrot":1,"minecraft:dirt":1,"minecraft:spider_eye":1,"minecraft:string":1,"spartanweaponry:scythe_iron":1},"minecraft:custom":{"minecraft:interact_with_furnace":1,"minecraft:time_since_rest":1129,"minecraft:play_one_minute":10277,"minecraft:crouch_one_cm":4349,"minecraft:deaths":1,"minecraft:sprint_one_cm":26133,"minecraft:damage_taken":298,"minecraft:walk_one_cm":32633,"minecraft:sneak_time":146,"minecraft:walk_under_water_one_cm":5873,"minecraft:jump":240,"minecraft:damage_dealt":253,"minecraft:time_since_death":5272,"minecraft:walk_on_water_one_cm":5570,"minecraft:sleep_in_bed":4,"minecraft:swim_one_cm":3923,"minecraft:fall_one_cm":4570,"minecraft:fly_one_cm":36725},"minecraft:killed_by":{"minecraft:husk":1},"minecraft:killed":{"minecraft:skeleton":1},"minecraft:used":{"minecraft:dirt":1,"minecraft:lime_bed":2,"spartanweaponry:scythe_iron":1},"minecraft:mined":{"minecraft:grass":2,"minecraft:lime_bed":2,"minecraft:dirt":1,"minecraft:wall_torch":1}},"DataVersion":2586}