{"stats":{"minecraft:picked_up":{"minecraft:lime_bed":2,"minecraft:andesite":14,"minecraft:cut_sandstone":11,"minecraft:brown_wool":2,"minecraft:oak_log":2,"minecraft:string":1,"minecraft:dirt":15,"minecraft:orange_terracotta":3,"minecraft:zombie_head":4,"minecraft:bone":2,"minecraft:sea_pickle":1,"minecraft:iron_ingot":14,"minecraft:iron_ore":6,"minecraft:iron_pickaxe":4,"minecraft:golden_helmet":2,"spartanweaponry:scythe_iron":2,"minecraft:sandstone":26,"minecraft:jungle_door":1,"minecraft:cooked_porkchop":7,"minecraft:torch":7,"minecraft:gravel":2,"minecraft:sand":18,"minecraft:carrot":1,"minecraft:gold_ore":1,"minecraft:spider_eye":1,"minecraft:arrow":4,"minecraft:blue_terracotta":2,"minecraft:rotten_flesh":11,"minecraft:iron_helmet":3,"minecraft:granite":16,"minecraft:emerald":1,"minecraft:saddle":1,"minecraft:coal":85,"minecraft:cobblestone":61},"minecraft:custom":{"minecraft:interact_with_furnace":1,"minecraft:mob_kills":2,"goblintraders:trade_with_goblin":1,"minecraft:play_one_minute":27961,"minecraft:leave_game":1,"minecraft:time_since_death":749,"minecraft:sleep_in_bed":4,"minecraft:time_since_rest":1051,"minecraft:sprint_one_cm":52974,"minecraft:damage_taken":954,"minecraft:walk_one_cm":77522,"minecraft:drop":21,"minecraft:damage_dealt":731,"minecraft:swim_one_cm":5791,"minecraft:fly_one_cm":57530,"minecraft:open_chest":4,"minecraft:crouch_one_cm":5787,"minecraft:deaths":2,"minecraft:sneak_time":243,"minecraft:walk_under_water_one_cm":7307,"minecraft:jump":498,"minecraft:walk_on_water_one_cm":8485,"minecraft:fall_one_cm":7711},"minecraft:killed_by":{"minecraft:husk":1},"minecraft:killed":{"minecraft:skeleton":1,"minecraft:zombie":2},"minecraft:crafted":{"minecraft:emerald":1},"minecraft:mined":{"minecraft:grass_block":2,"minecraft:cobblestone":3,"minecraft:wall_torch":1,"minecraft:lime_bed":2,"minecraft:blue_terracotta":1,"minecraft:iron_ore":6,"minecraft:andesite":3,"minecraft:grass":6,"minecraft:oak_log":1,"minecraft:coal_ore":14,"minecraft:gravel":1,"minecraft:sand":6,"minecraft:dirt":12,"minecraft:stone":51},"minecraft:used":{"minecraft:cut_sandstone":1,"minecraft:rotten_flesh":1,"minecraft:dirt":12,"minecraft:lime_bed":2,"minecraft:carrot":1,"minecraft:iron_pickaxe":90,"minecraft:cobblestone":22,"minecraft:cooked_porkchop":3,"minecraft:sea_pickle":1,"spartanweaponry:scythe_iron":7},"minecraft:dropped":{"minecraft:gold_ore":1,"minecraft:iron_ingot":8,"minecraft:iron_helmet":1,"minecraft:cobblestone":1,"minecraft:coal":57,"minecraft:emerald":2,"minecraft:dirt":3,"minecraft:zombie_head":2,"minecraft:spider_eye":1,"minecraft:iron_ore":6,"minecraft:arrow":3,"minecraft:iron_pickaxe":2}},"DataVersion":2586}