{"stats":{"minecraft:picked_up":{"minecraft:crafting_table":3,"minecraft:wheat":8,"minecraft:feather":2,"minecraft:creeper_head":1,"minecraft:andesite":4,"minecraft:lead":1,"minecraft:smooth_sandstone_stairs":3,"minecraft:oak_log":3,"minecraft:gunpowder":23,"iceandfire:manuscript":15,"minecraft:dirt":17,"minecraft:string":5,"spartanweaponry:scythe_silver":2,"minecraft:flint_and_steel":4,"minecraft:smooth_sandstone":16,"minecraft:zombie_head":1,"minecraft:bone":51,"minecraft:apple":1,"minecraft:sea_pickle":5,"minecraft:iron_ingot":11,"minecraft:cooked_chicken":1,"minecraft:iron_ore":71,"minecraft:poppy":2,"minecraft:rabbit":3,"minecraft:iron_nugget":2,"minecraft:iron_pickaxe":3,"minecraft:sugar_cane":33,"minecraft:oak_planks":16,"minecraft:golden_helmet":3,"spartanweaponry:scythe_iron":1,"minecraft:stick":19,"minecraft:torch":25,"minecraft:acacia_log":3,"minecraft:green_bed":3,"minecraft:gravel":1,"minecraft:sand":56,"minecraft:diorite":9,"minecraft:green_carpet":4,"minecraft:chiseled_sandstone":1,"minecraft:iron_horse_armor":4,"iceandfire:silver_ingot":3,"minecraft:arrow":11,"minecraft:rotten_flesh":17,"minecraft:golden_hoe":2,"minecraft:music_disc_ward":1,"minecraft:iron_helmet":3,"minecraft:hay_block":1,"minecraft:granite":12,"minecraft:golden_apple":1,"minecraft:gold_ingot":16,"minecraft:emerald":12,"minecraft:terracotta":1,"minecraft:oak_sapling":4,"minecraft:white_wool":1,"minecraft:netherrack":3,"minecraft:mutton":2,"minecraft:coal":133,"minecraft:skeleton_skull":1,"minecraft:cobblestone":59},"minecraft:custom":{"minecraft:interact_with_furnace":20,"minecraft:mob_kills":9,"minecraft:interact_with_crafting_table":21,"minecraft:play_one_minute":73573,"minecraft:damage_dealt_resisted":19,"minecraft:time_since_death":24384,"minecraft:sleep_in_bed":5,"minecraft:damage_resisted":14,"minecraft:time_since_rest":23864,"minecraft:sprint_one_cm":101259,"minecraft:walk_one_cm":114114,"minecraft:damage_taken":1733,"minecraft:damage_absorbed":39,"minecraft:drop":24,"minecraft:damage_dealt":1878,"minecraft:swim_one_cm":12590,"minecraft:talked_to_villager":1,"minecraft:fly_one_cm":236733,"minecraft:open_chest":8,"minecraft:crouch_one_cm":7771,"minecraft:deaths":3,"minecraft:sneak_time":2801,"minecraft:walk_under_water_one_cm":1658,"minecraft:jump":1224,"minecraft:walk_on_water_one_cm":6809,"minecraft:fall_one_cm":28087},"minecraft:killed_by":{"minecraft:husk":1,"minecraft:player":1,"minecraft:skeleton":1},"minecraft:killed":{"iceandfire:cockatrice":1,"minecraft:zombie":5,"minecraft:enderman":1},"minecraft:crafted":{"minecraft:oak_planks":12,"spartanweaponry:pole":2,"minecraft:crafting_table":3,"minecraft:cooked_mutton":2,"minecraft:bread":5,"minecraft:air":0,"minecraft:iron_chestplate":1,"minecraft:stick":12,"minecraft:iron_ingot":22,"minecraft:iron_pickaxe":1,"spartanweaponry:scythe_silver":2,"minecraft:acacia_planks":12,"minecraft:wheat":9},"minecraft:mined":{"minecraft:acacia_leaves":1,"minecraft:crafting_table":2,"minecraft:granite":8,"minecraft:acacia_log":3,"minecraft:grass_block":4,"minecraft:sugar_cane":5,"minecraft:diorite":3,"minecraft:hay_block":1,"minecraft:iron_ore":43,"minecraft:andesite":4,"minecraft:grass":2,"minecraft:oak_log":3,"minecraft:coal_ore":49,"minecraft:gravel":1,"minecraft:dirt":3,"minecraft:green_carpet":1,"minecraft:terracotta":1,"minecraft:stone":29,"minecraft:netherrack":1,"minecraft:oak_leaves":4},"minecraft:used":{"minecraft:cooked_mutton":2,"minecraft:rabbit":1,"minecraft:green_bed":1,"minecraft:cooked_chicken":1,"minecraft:rotten_flesh":2,"minecraft:white_wool":1,"minecraft:torch":7,"minecraft:golden_apple":3,"minecraft:golden_hoe":1,"minecraft:sand":12,"minecraft:dirt":2,"minecraft:crafting_table":4,"spartanweaponry:scythe_silver":21,"minecraft:obsidian":1,"minecraft:chiseled_sandstone":1,"minecraft:bread":7,"minecraft:iron_pickaxe":153,"minecraft:gravel":1,"minecraft:green_carpet":1},"minecraft:dropped":{"minecraft:iron_ingot":11,"minecraft:golden_helmet":2,"spartanweaponry:scythe_iron":1,"minecraft:iron_helmet":1,"minecraft:rotten_flesh":15,"spartanweaponry:scythe_silver":1,"minecraft:coal":83,"minecraft:dirt":13,"minecraft:sea_pickle":5,"minecraft:skeleton_skull":1,"minecraft:andesite":4,"minecraft:rabbit":1,"minecraft:zombie_head":1,"minecraft:green_carpet":1,"minecraft:iron_ore":41,"minecraft:string":2}},"DataVersion":2586}