{"stats":{"minecraft:picked_up":{"minecraft:crafting_table":3,"minecraft:wheat":8,"minecraft:feather":2,"minecraft:smooth_sandstone_stairs":3,"minecraft:oak_log":3,"minecraft:gunpowder":21,"iceandfire:manuscript":14,"minecraft:dirt":4,"minecraft:string":5,"spartanweaponry:scythe_silver":2,"minecraft:flint_and_steel":4,"minecraft:smooth_sandstone":16,"minecraft:bone":48,"minecraft:apple":1,"minecraft:iron_ingot":8,"minecraft:cooked_chicken":1,"minecraft:iron_ore":6,"minecraft:rabbit":2,"minecraft:iron_nugget":2,"minecraft:iron_pickaxe":2,"minecraft:sugar_cane":30,"minecraft:golden_helmet":2,"minecraft:stick":6,"minecraft:torch":5,"minecraft:acacia_log":3,"minecraft:green_bed":3,"minecraft:sand":56,"minecraft:green_carpet":3,"minecraft:chiseled_sandstone":1,"minecraft:iron_horse_armor":3,"iceandfire:silver_ingot":3,"minecraft:arrow":6,"minecraft:rotten_flesh":14,"minecraft:golden_hoe":2,"minecraft:music_disc_ward":1,"minecraft:hay_block":1,"minecraft:golden_apple":1,"minecraft:gold_ingot":16,"minecraft:emerald":12,"minecraft:oak_sapling":4,"minecraft:netherrack":3,"minecraft:coal":34,"minecraft:cobblestone":24},"minecraft:custom":{"minecraft:mob_kills":2,"minecraft:interact_with_crafting_table":13,"minecraft:play_one_minute":49573,"minecraft:time_since_death":384,"minecraft:sleep_in_bed":4,"minecraft:damage_resisted":14,"minecraft:time_since_rest":71,"minecraft:sprint_one_cm":68328,"minecraft:walk_one_cm":58950,"minecraft:damage_taken":1302,"minecraft:damage_absorbed":39,"minecraft:drop":4,"minecraft:damage_dealt":562,"minecraft:swim_one_cm":11524,"minecraft:talked_to_villager":1,"minecraft:fly_one_cm":187262,"minecraft:open_chest":8,"minecraft:crouch_one_cm":2548,"minecraft:deaths":3,"minecraft:sneak_time":938,"minecraft:walk_under_water_one_cm":938,"minecraft:jump":788,"minecraft:walk_on_water_one_cm":2756,"minecraft:fall_one_cm":18666},"minecraft:killed_by":{"minecraft:husk":1,"minecraft:player":1,"minecraft:skeleton":1},"minecraft:killed":{"iceandfire:cockatrice":1,"minecraft:enderman":1},"minecraft:crafted":{"minecraft:oak_planks":12,"spartanweaponry:pole":2,"minecraft:crafting_table":3,"minecraft:bread":5,"minecraft:stick":12,"minecraft:iron_ingot":2,"minecraft:iron_pickaxe":1,"spartanweaponry:scythe_silver":2,"minecraft:acacia_planks":12,"minecraft:wheat":9},"minecraft:used":{"minecraft:cooked_chicken":1,"minecraft:golden_apple":3,"minecraft:sand":12,"minecraft:dirt":2,"minecraft:crafting_table":4,"spartanweaponry:scythe_silver":5,"minecraft:obsidian":1,"minecraft:chiseled_sandstone":1,"minecraft:bread":7,"minecraft:iron_pickaxe":37},"minecraft:mined":{"minecraft:acacia_leaves":1,"minecraft:crafting_table":2,"minecraft:acacia_log":3,"minecraft:grass_block":3,"minecraft:sugar_cane":5,"minecraft:hay_block":1,"minecraft:iron_ore":2,"minecraft:grass":2,"minecraft:oak_log":3,"minecraft:coal_ore":17,"minecraft:green_carpet":1,"minecraft:stone":8,"minecraft:netherrack":1,"minecraft:oak_leaves":4},"minecraft:dropped":{"minecraft:rotten_flesh":14,"spartanweaponry:scythe_silver":1,"minecraft:coal":17,"minecraft:rabbit":1}},"DataVersion":2586}