{"stats":{"minecraft:picked_up":{"minecraft:crafting_table":3,"minecraft:wheat":8,"minecraft:chicken":2,"minecraft:creeper_head":1,"minecraft:lead":1,"iceandfire:manuscript":15,"minecraft:flint_and_steel":4,"minecraft:string":6,"spartanweaponry:scythe_silver":2,"minecraft:zombie_head":1,"minecraft:sea_pickle":5,"minecraft:iron_nugget":2,"minecraft:poppy":2,"minecraft:iron_pickaxe":4,"minecraft:sugar_cane":33,"minecraft:egg":1,"minecraft:golden_helmet":3,"minecraft:stick":19,"minecraft:green_bed":3,"minecraft:torch":25,"minecraft:acacia_log":3,"minecraft:porkchop":24,"iceandfire:rotten_egg":1,"minecraft:diorite":12,"minecraft:iron_horse_armor":4,"iceandfire:silver_ingot":3,"minecraft:arrow":11,"minecraft:rotten_flesh":17,"minecraft:golden_hoe":2,"minecraft:music_disc_ward":1,"minecraft:hay_block":1,"minecraft:saddle":1,"minecraft:gold_ingot":16,"minecraft:mutton":9,"minecraft:skeleton_skull":1,"minecraft:white_wool":7,"minecraft:cobblestone":61,"minecraft:feather":4,"minecraft:andesite":9,"minecraft:brown_wool":1,"minecraft:smooth_sandstone_stairs":3,"minecraft:oak_log":4,"minecraft:gunpowder":23,"minecraft:dirt":24,"minecraft:smooth_sandstone":16,"minecraft:bone":53,"minecraft:apple":1,"minecraft:iron_ingot":11,"minecraft:cooked_chicken":1,"minecraft:iron_ore":83,"minecraft:rabbit":3,"minecraft:oak_planks":16,"spartanweaponry:scythe_iron":1,"minecraft:gravel":3,"minecraft:sand":56,"minecraft:ink_sac":1,"minecraft:white_bed":1,"minecraft:chiseled_sandstone":1,"minecraft:green_carpet":4,"minecraft:iron_helmet":3,"minecraft:granite":12,"minecraft:golden_apple":1,"minecraft:emerald":12,"minecraft:terracotta":1,"minecraft:oak_sapling":4,"minecraft:netherrack":4,"minecraft:coal":133},"minecraft:custom":{"minecraft:mob_kills":32,"minecraft:interact_with_crafting_table":33,"goblintraders:trade_with_goblin":20,"minecraft:damage_dealt_resisted":19,"minecraft:time_since_death":54384,"minecraft:damage_resisted":14,"minecraft:sprint_one_cm":152542,"minecraft:walk_one_cm":182387,"minecraft:drop":62,"minecraft:talked_to_villager":1,"minecraft:deaths":3,"minecraft:sneak_time":4214,"minecraft:walk_under_water_one_cm":9825,"minecraft:jump":1826,"minecraft:walk_on_water_one_cm":20247,"minecraft:interact_with_furnace":46,"minecraft:play_one_minute":103573,"minecraft:sleep_in_bed":6,"minecraft:time_since_rest":13012,"minecraft:damage_taken":2573,"minecraft:damage_absorbed":39,"minecraft:damage_dealt":4259,"minecraft:swim_one_cm":21947,"minecraft:fly_one_cm":322301,"minecraft:open_chest":8,"minecraft:crouch_one_cm":11782,"minecraft:fall_one_cm":39836},"minecraft:killed_by":{"minecraft:husk":1,"minecraft:player":1,"minecraft:skeleton":1},"minecraft:killed":{"minecraft:guardian":2,"minecraft:chicken":2,"minecraft:pig":12,"minecraft:creeper":1,"iceandfire:cockatrice":1,"minecraft:sheep":6,"minecraft:zombie":6,"minecraft:enderman":2},"minecraft:crafted":{"minecraft:oak_planks":16,"spartanshields:shield_basic_iron":1,"minecraft:furnace":5,"minecraft:cooked_mutton":2,"minecraft:iron_boots":1,"spartanweaponry:scythe_silver":2,"minecraft:wheat":9,"spartanshields:shield_basic_wood":1,"spartanweaponry:halberd_iron":1,"minecraft:cooked_porkchop":22,"spartanweaponry:pole":3,"minecraft:crafting_table":4,"minecraft:bread":5,"minecraft:air":0,"minecraft:iron_chestplate":1,"minecraft:stick":12,"minecraft:iron_ingot":74,"minecraft:iron_pickaxe":1,"minecraft:iron_leggings":1,"minecraft:white_bed":2,"minecraft:acacia_planks":12},"minecraft:used":{"minecraft:rotten_flesh":2,"minecraft:cooked_chicken":1,"minecraft:torch":8,"minecraft:dirt":6,"minecraft:obsidian":1,"minecraft:furnace":3,"minecraft:cooked_mutton":2,"minecraft:rabbit":1,"minecraft:green_bed":1,"minecraft:white_wool":1,"minecraft:golden_apple":3,"minecraft:golden_hoe":1,"minecraft:sand":12,"minecraft:crafting_table":4,"minecraft:white_bed":3,"spartanweaponry:scythe_silver":60,"minecraft:chiseled_sandstone":1,"minecraft:bread":7,"minecraft:iron_pickaxe":169,"spartanweaponry:halberd_iron":13,"minecraft:gravel":1,"minecraft:green_carpet":1,"minecraft:cobblestone":1,"minecraft:porkchop":2,"minecraft:cooked_porkchop":12},"minecraft:mined":{"minecraft:white_bed":1,"minecraft:granite":8,"minecraft:acacia_log":3,"minecraft:grass_block":4,"minecraft:hay_block":1,"minecraft:iron_ore":49,"minecraft:andesite":9,"minecraft:green_carpet":1,"minecraft:stone":31,"minecraft:white_wool":1,"minecraft:acacia_leaves":1,"minecraft:crafting_table":2,"minecraft:tall_grass":2,"minecraft:sugar_cane":5,"minecraft:diorite":5,"minecraft:grass":15,"minecraft:coal_ore":49,"minecraft:oak_log":3,"minecraft:gravel":2,"minecraft:dirt":10,"minecraft:terracotta":1,"minecraft:netherrack":1,"minecraft:oak_leaves":4},"minecraft:dropped":{"minecraft:iron_ingot":35,"minecraft:golden_helmet":2,"minecraft:cooked_porkchop":8,"minecraft:iron_helmet":2,"minecraft:feather":3,"minecraft:cobblestone":4,"spartanweaponry:scythe_silver":1,"minecraft:coal":83,"minecraft:dirt":13,"minecraft:rabbit":1,"minecraft:brown_wool":1,"minecraft:zombie_head":1,"minecraft:green_carpet":1,"minecraft:iron_pickaxe":2,"minecraft:string":2,"minecraft:smooth_sandstone":7,"minecraft:gravel":2,"minecraft:iron_nugget":1,"spartanweaponry:scythe_iron":1,"minecraft:wheat":1,"minecraft:smooth_sandstone_stairs":1,"minecraft:rotten_flesh":15,"minecraft:sea_pickle":5,"minecraft:skeleton_skull":1,"minecraft:andesite":4,"minecraft:iron_ore":47,"minecraft:netherrack":2,"minecraft:egg":1,"minecraft:terracotta":1}},"DataVersion":2586}