{"stats":{"minecraft:picked_up":{"minecraft:crafting_table":1,"minecraft:arrow":2,"minecraft:apple":1,"minecraft:music_disc_ward":1,"minecraft:oak_log":3,"minecraft:gunpowder":1,"minecraft:oak_sapling":4,"minecraft:dirt":2},"minecraft:custom":{"minecraft:open_chest":1,"minecraft:time_since_rest":1990,"minecraft:play_one_minute":13573,"minecraft:crouch_one_cm":498,"minecraft:deaths":1,"minecraft:sprint_one_cm":21086,"minecraft:damage_taken":330,"minecraft:walk_one_cm":11216,"minecraft:sneak_time":154,"minecraft:jump":260,"minecraft:damage_dealt":23,"minecraft:walk_on_water_one_cm":715,"minecraft:time_since_death":3237,"minecraft:sleep_in_bed":1,"minecraft:fall_one_cm":6290,"minecraft:interact_with_crafting_table":1,"minecraft:fly_one_cm":67541},"minecraft:killed_by":{"minecraft:skeleton":1},"minecraft:crafted":{"minecraft:oak_planks":12,"minecraft:crafting_table":1,"minecraft:stick":4},"minecraft:used":{"minecraft:dirt":2,"minecraft:crafting_table":1,"minecraft:bread":1},"minecraft:mined":{"minecraft:grass":2,"minecraft:grass_block":2,"minecraft:oak_log":3,"minecraft:oak_leaves":4,"minecraft:crafting_table":1}},"DataVersion":2586}