{"stats":{"minecraft:picked_up":{"minecraft:oak_log":2,"minecraft:oak_sapling":1,"minecraft:dirt":2},"minecraft:custom":{"minecraft:jump":47,"minecraft:time_since_rest":1573,"minecraft:crouch_one_cm":68,"minecraft:damage_dealt":9,"minecraft:play_one_minute":1573,"minecraft:sprint_one_cm":3105,"minecraft:time_since_death":1573,"minecraft:walk_one_cm":1114,"minecraft:sneak_time":79,"minecraft:fall_one_cm":1045,"minecraft:fly_one_cm":13316},"minecraft:used":{"minecraft:dirt":2},"minecraft:mined":{"minecraft:grass":2,"minecraft:grass_block":2,"minecraft:oak_log":2,"minecraft:oak_leaves":3}},"DataVersion":2586}