{"stats":{"minecraft:picked_up":{"minecraft:crafting_table":3,"minecraft:wheat":8,"minecraft:feather":4,"minecraft:chicken":2,"minecraft:creeper_head":1,"minecraft:andesite":9,"minecraft:brown_wool":1,"minecraft:lead":1,"minecraft:smooth_sandstone_stairs":3,"minecraft:oak_log":3,"minecraft:gunpowder":23,"iceandfire:manuscript":15,"minecraft:dirt":21,"minecraft:string":5,"spartanweaponry:scythe_silver":2,"minecraft:flint_and_steel":4,"minecraft:smooth_sandstone":16,"minecraft:zombie_head":1,"minecraft:bone":53,"minecraft:apple":1,"minecraft:sea_pickle":5,"minecraft:iron_ingot":11,"minecraft:cooked_chicken":1,"minecraft:iron_ore":83,"minecraft:poppy":2,"minecraft:rabbit":3,"minecraft:iron_nugget":2,"minecraft:iron_pickaxe":3,"minecraft:sugar_cane":33,"minecraft:oak_planks":16,"minecraft:egg":1,"minecraft:golden_helmet":3,"spartanweaponry:scythe_iron":1,"minecraft:stick":19,"minecraft:torch":25,"minecraft:acacia_log":3,"minecraft:green_bed":3,"minecraft:gravel":3,"minecraft:porkchop":24,"minecraft:sand":56,"minecraft:white_bed":1,"iceandfire:rotten_egg":1,"minecraft:diorite":10,"minecraft:green_carpet":4,"minecraft:chiseled_sandstone":1,"minecraft:iron_horse_armor":4,"iceandfire:silver_ingot":3,"minecraft:arrow":11,"minecraft:rotten_flesh":17,"minecraft:golden_hoe":2,"minecraft:music_disc_ward":1,"minecraft:iron_helmet":3,"minecraft:hay_block":1,"minecraft:granite":12,"minecraft:golden_apple":1,"minecraft:gold_ingot":16,"minecraft:emerald":12,"minecraft:terracotta":1,"minecraft:oak_sapling":4,"minecraft:white_wool":7,"minecraft:netherrack":4,"minecraft:mutton":9,"minecraft:coal":133,"minecraft:skeleton_skull":1,"minecraft:cobblestone":61},"minecraft:custom":{"minecraft:interact_with_furnace":46,"minecraft:mob_kills":29,"minecraft:interact_with_crafting_table":26,"goblintraders:trade_with_goblin":20,"minecraft:play_one_minute":91573,"minecraft:damage_dealt_resisted":19,"minecraft:time_since_death":42384,"minecraft:sleep_in_bed":6,"minecraft:damage_resisted":14,"minecraft:time_since_rest":1012,"minecraft:sprint_one_cm":133498,"minecraft:walk_one_cm":161101,"minecraft:damage_taken":1969,"minecraft:damage_absorbed":39,"minecraft:drop":56,"minecraft:damage_dealt":3669,"minecraft:swim_one_cm":16075,"minecraft:talked_to_villager":1,"minecraft:fly_one_cm":280678,"minecraft:open_chest":8,"minecraft:crouch_one_cm":11505,"minecraft:deaths":3,"minecraft:sneak_time":4068,"minecraft:walk_under_water_one_cm":5881,"minecraft:jump":1590,"minecraft:walk_on_water_one_cm":11549,"minecraft:fall_one_cm":35762},"minecraft:killed_by":{"minecraft:husk":1,"minecraft:player":1,"minecraft:skeleton":1},"minecraft:killed":{"minecraft:pig":12,"iceandfire:cockatrice":1,"minecraft:sheep":6,"minecraft:zombie":5,"minecraft:chicken":2,"minecraft:enderman":1},"minecraft:crafted":{"minecraft:oak_planks":12,"minecraft:cooked_porkchop":22,"spartanweaponry:pole":2,"minecraft:crafting_table":3,"minecraft:furnace":5,"minecraft:cooked_mutton":2,"minecraft:bread":5,"minecraft:air":0,"minecraft:iron_boots":1,"minecraft:iron_chestplate":1,"minecraft:stick":12,"minecraft:iron_ingot":74,"minecraft:iron_pickaxe":1,"minecraft:iron_leggings":1,"spartanweaponry:scythe_silver":2,"minecraft:white_bed":2,"minecraft:acacia_planks":12,"minecraft:wheat":9},"minecraft:mined":{"minecraft:acacia_leaves":1,"minecraft:white_bed":1,"minecraft:crafting_table":2,"minecraft:granite":8,"minecraft:acacia_log":3,"minecraft:grass_block":4,"minecraft:tall_grass":2,"minecraft:sugar_cane":5,"minecraft:diorite":4,"minecraft:hay_block":1,"minecraft:iron_ore":49,"minecraft:andesite":9,"minecraft:grass":14,"minecraft:oak_log":3,"minecraft:coal_ore":49,"minecraft:gravel":2,"minecraft:dirt":8,"minecraft:green_carpet":1,"minecraft:terracotta":1,"minecraft:stone":31,"minecraft:white_wool":1,"minecraft:netherrack":1,"minecraft:oak_leaves":4},"minecraft:used":{"minecraft:cooked_mutton":2,"minecraft:rabbit":1,"minecraft:green_bed":1,"minecraft:cooked_chicken":1,"minecraft:rotten_flesh":2,"minecraft:white_wool":1,"minecraft:torch":8,"minecraft:golden_apple":3,"minecraft:golden_hoe":1,"minecraft:sand":12,"minecraft:dirt":6,"minecraft:crafting_table":4,"minecraft:white_bed":2,"spartanweaponry:scythe_silver":59,"minecraft:obsidian":1,"minecraft:chiseled_sandstone":1,"minecraft:bread":7,"minecraft:iron_pickaxe":168,"minecraft:gravel":1,"minecraft:green_carpet":1,"minecraft:cobblestone":1,"minecraft:furnace":3,"minecraft:cooked_porkchop":5,"minecraft:porkchop":2},"minecraft:dropped":{"minecraft:gravel":1,"minecraft:iron_ingot":11,"minecraft:golden_helmet":2,"spartanweaponry:scythe_iron":1,"minecraft:cooked_porkchop":8,"minecraft:cobblestone":4,"minecraft:smooth_sandstone_stairs":1,"minecraft:feather":3,"minecraft:iron_helmet":2,"minecraft:rotten_flesh":15,"spartanweaponry:scythe_silver":1,"minecraft:coal":83,"minecraft:dirt":13,"minecraft:sea_pickle":5,"minecraft:skeleton_skull":1,"minecraft:brown_wool":1,"minecraft:andesite":4,"minecraft:rabbit":1,"minecraft:zombie_head":1,"minecraft:green_carpet":1,"minecraft:iron_ore":47,"minecraft:iron_pickaxe":1,"minecraft:smooth_sandstone":7,"minecraft:string":2,"minecraft:egg":1,"minecraft:netherrack":2}},"DataVersion":2586}