{"stats":{"minecraft:picked_up":{"minecraft:stick":1,"minecraft:crafting_table":2,"minecraft:torch":1,"minecraft:green_bed":1,"minecraft:acacia_log":3,"minecraft:sand":18,"minecraft:smooth_sandstone_stairs":1,"minecraft:oak_log":3,"minecraft:gunpowder":1,"minecraft:green_carpet":1,"minecraft:dirt":3,"minecraft:smooth_sandstone":2,"minecraft:arrow":2,"minecraft:apple":1,"minecraft:music_disc_ward":1,"minecraft:iron_ore":2,"minecraft:rabbit":1,"minecraft:sugar_cane":10,"minecraft:oak_sapling":4,"minecraft:netherrack":1,"minecraft:coal":17,"minecraft:cobblestone":8},"minecraft:custom":{"minecraft:time_since_rest":3505,"minecraft:sprint_one_cm":42296,"minecraft:damage_taken":602,"minecraft:walk_one_cm":27429,"minecraft:mob_kills":1,"minecraft:damage_dealt":429,"minecraft:talked_to_villager":1,"minecraft:swim_one_cm":8656,"minecraft:interact_with_crafting_table":7,"minecraft:fly_one_cm":124406,"minecraft:open_chest":7,"minecraft:crouch_one_cm":1833,"minecraft:play_one_minute":37573,"minecraft:walk_under_water_one_cm":639,"minecraft:deaths":2,"minecraft:sneak_time":805,"minecraft:jump":524,"minecraft:time_since_death":896,"minecraft:walk_on_water_one_cm":2146,"minecraft:sleep_in_bed":2,"minecraft:fall_one_cm":12715},"minecraft:killed_by":{"minecraft:husk":1,"minecraft:skeleton":1},"minecraft:killed":{"minecraft:enderman":1},"minecraft:crafted":{"minecraft:oak_planks":12,"spartanweaponry:pole":1,"minecraft:crafting_table":3,"minecraft:stick":12,"minecraft:iron_ingot":2,"minecraft:iron_pickaxe":1,"spartanweaponry:scythe_silver":1,"minecraft:acacia_planks":12},"minecraft:used":{"minecraft:bread":2,"minecraft:iron_pickaxe":37,"minecraft:golden_apple":2,"minecraft:dirt":2,"minecraft:sand":12,"minecraft:crafting_table":3,"spartanweaponry:scythe_silver":4,"minecraft:obsidian":1},"minecraft:mined":{"minecraft:acacia_leaves":1,"minecraft:iron_ore":2,"minecraft:crafting_table":2,"minecraft:coal_ore":17,"minecraft:grass":2,"minecraft:acacia_log":3,"minecraft:grass_block":3,"minecraft:oak_log":3,"minecraft:green_carpet":1,"minecraft:sugar_cane":5,"minecraft:stone":8,"minecraft:netherrack":1,"minecraft:oak_leaves":4}},"DataVersion":2586}