{"stats":{"minecraft:picked_up":{"minecraft:stick":1,"minecraft:crafting_table":1,"minecraft:acacia_log":3,"minecraft:sand":18,"minecraft:smooth_sandstone_stairs":1,"minecraft:oak_log":3,"minecraft:gunpowder":1,"minecraft:green_carpet":1,"minecraft:dirt":2,"minecraft:smooth_sandstone":2,"minecraft:arrow":2,"minecraft:apple":1,"minecraft:music_disc_ward":1,"minecraft:iron_ore":2,"minecraft:rabbit":1,"minecraft:oak_sapling":4,"minecraft:coal":17,"minecraft:cobblestone":4},"minecraft:custom":{"minecraft:time_since_rest":13990,"minecraft:sprint_one_cm":36535,"minecraft:damage_taken":460,"minecraft:walk_one_cm":20716,"minecraft:mob_kills":1,"minecraft:damage_dealt":429,"minecraft:swim_one_cm":2458,"minecraft:interact_with_crafting_table":6,"minecraft:fly_one_cm":95123,"minecraft:open_chest":7,"minecraft:crouch_one_cm":1814,"minecraft:play_one_minute":25573,"minecraft:walk_under_water_one_cm":132,"minecraft:deaths":1,"minecraft:sneak_time":774,"minecraft:jump":412,"minecraft:time_since_death":15237,"minecraft:walk_on_water_one_cm":979,"minecraft:sleep_in_bed":1,"minecraft:fall_one_cm":11403},"minecraft:killed_by":{"minecraft:skeleton":1},"minecraft:killed":{"minecraft:enderman":1},"minecraft:crafted":{"minecraft:oak_planks":12,"spartanweaponry:pole":1,"minecraft:crafting_table":3,"minecraft:stick":12,"minecraft:iron_ingot":2,"minecraft:iron_pickaxe":1,"spartanweaponry:scythe_silver":1,"minecraft:acacia_planks":12},"minecraft:used":{"minecraft:bread":2,"minecraft:iron_pickaxe":25,"minecraft:golden_apple":2,"minecraft:dirt":2,"minecraft:sand":12,"minecraft:crafting_table":3,"spartanweaponry:scythe_silver":4,"minecraft:obsidian":1},"minecraft:mined":{"minecraft:acacia_leaves":1,"minecraft:iron_ore":2,"minecraft:crafting_table":1,"minecraft:coal_ore":17,"minecraft:grass":2,"minecraft:acacia_log":3,"minecraft:grass_block":2,"minecraft:oak_log":3,"minecraft:green_carpet":1,"minecraft:stone":4,"minecraft:oak_leaves":4}},"DataVersion":2586}