{"stats":{"minecraft:broken":{"spartanweaponry:scythe_silver":1},"minecraft:picked_up":{"minecraft:iron_chestplate":1,"minecraft:crafting_table":5,"minecraft:wheat":8,"cgm:basic_bullet":107,"minecraft:chicken":7,"minecraft:creeper_head":2,"minecraft:lead":2,"iceandfire:manuscript":23,"minecraft:flint_and_steel":6,"minecraft:string":6,"spartanweaponry:scythe_silver":2,"minecraft:iron_leggings":2,"minecraft:zombie_head":2,"minecraft:sea_pickle":5,"minecraft:iron_nugget":14,"minecraft:poppy":2,"minecraft:iron_pickaxe":7,"minecraft:sugar_cane":46,"minecraft:iron_boots":1,"minecraft:furnace":2,"minecraft:egg":3,"minecraft:golden_helmet":6,"minecraft:sandstone":2,"minecraft:stick":27,"spartanshields:shield_basic_iron":1,"minecraft:green_bed":3,"minecraft:torch":38,"minecraft:acacia_log":5,"minecraft:porkchop":24,"iceandfire:rotten_egg":1,"minecraft:diorite":24,"minecraft:iron_horse_armor":6,"iceandfire:silver_ingot":3,"minecraft:arrow":22,"minecraft:rotten_flesh":17,"minecraft:golden_hoe":3,"minecraft:music_disc_ward":1,"minecraft:hay_block":1,"minecraft:saddle":2,"minecraft:gold_ingot":32,"minecraft:mutton":9,"minecraft:skeleton_skull":1,"minecraft:white_wool":7,"minecraft:cobblestone":64,"minecraft:feather":7,"minecraft:andesite":16,"minecraft:brown_wool":3,"minecraft:flint":4,"minecraft:smooth_sandstone_stairs":3,"minecraft:oak_log":4,"minecraft:gunpowder":24,"minecraft:dirt":31,"minecraft:smooth_sandstone":16,"minecraft:bone":84,"minecraft:apple":1,"minecraft:wheat_seeds":2,"minecraft:iron_ingot":11,"minecraft:cooked_chicken":1,"minecraft:iron_ore":83,"minecraft:rabbit":3,"minecraft:oak_planks":16,"spartanweaponry:scythe_iron":1,"spartanweaponry:halberd_iron":1,"cgm:rifle":2,"minecraft:dandelion":1,"minecraft:gravel":9,"minecraft:sand":63,"minecraft:ink_sac":4,"minecraft:white_bed":1,"minecraft:lily_of_the_valley":9,"minecraft:chiseled_sandstone":1,"minecraft:green_carpet":4,"cgm:pistol":2,"minecraft:light_gray_concrete":7,"minecraft:iron_helmet":4,"minecraft:granite":24,"minecraft:golden_apple":1,"minecraft:emerald":18,"minecraft:terracotta":1,"minecraft:oak_sapling":4,"minecraft:netherrack":4,"cgm:workbench":1,"minecraft:coal":146},"minecraft:custom":{"minecraft:mob_kills":43,"minecraft:interact_with_crafting_table":43,"goblintraders:trade_with_goblin":20,"minecraft:damage_dealt_resisted":37,"minecraft:time_since_death":5304,"minecraft:damage_resisted":74,"minecraft:sprint_one_cm":194213,"minecraft:walk_one_cm":249645,"minecraft:damage_blocked_by_shield":60,"minecraft:drop":105,"minecraft:talked_to_villager":1,"minecraft:deaths":4,"minecraft:sneak_time":4813,"minecraft:walk_under_water_one_cm":10737,"minecraft:jump":2311,"minecraft:walk_on_water_one_cm":24467,"minecraft:interact_with_furnace":55,"minecraft:play_one_minute":127573,"minecraft:sleep_in_bed":6,"minecraft:time_since_rest":5331,"minecraft:damage_taken":3220,"minecraft:damage_absorbed":39,"minecraft:damage_dealt":4769,"minecraft:swim_one_cm":24183,"minecraft:fly_one_cm":408663,"minecraft:open_chest":8,"minecraft:crouch_one_cm":17325,"minecraft:fall_one_cm":50834},"minecraft:killed_by":{"minecraft:husk":1,"minecraft:player":2,"minecraft:skeleton":1},"minecraft:killed":{"mowziesmobs:barakoan_barakoana":2,"minecraft:skeleton":1,"minecraft:guardian":2,"minecraft:chicken":7,"minecraft:pig":12,"minecraft:creeper":1,"minecraft:squid":1,"iceandfire:cockatrice":1,"minecraft:sheep":7,"minecraft:zombie":7,"minecraft:enderman":2},"minecraft:crafted":{"minecraft:black_dye":4,"minecraft:oak_planks":16,"spartanshields:shield_basic_iron":1,"minecraft:cooked_chicken":3,"minecraft:furnace":5,"minecraft:gray_dye":8,"minecraft:cooked_mutton":2,"minecraft:iron_boots":1,"spartanweaponry:scythe_silver":2,"minecraft:wheat":9,"spartanshields:shield_basic_wood":1,"spartanweaponry:halberd_iron":1,"minecraft:cooked_porkchop":22,"spartanweaponry:pole":3,"minecraft:crafting_table":5,"minecraft:bread":5,"minecraft:air":0,"minecraft:iron_chestplate":1,"minecraft:yellow_dye":1,"minecraft:white_dye":9,"minecraft:stick":12,"minecraft:iron_ingot":74,"minecraft:iron_pickaxe":2,"cgm:pistol":1,"minecraft:iron_leggings":1,"minecraft:white_bed":2,"minecraft:acacia_planks":16},"minecraft:used":{"minecraft:rotten_flesh":2,"minecraft:cooked_chicken":4,"minecraft:torch":9,"minecraft:dirt":16,"cgm:workbench":1,"minecraft:obsidian":1,"minecraft:furnace":5,"minecraft:cooked_mutton":2,"minecraft:rabbit":1,"cgm:pistol":35,"minecraft:green_bed":1,"minecraft:white_wool":1,"minecraft:golden_apple":3,"minecraft:golden_hoe":1,"minecraft:sand":18,"minecraft:crafting_table":6,"minecraft:white_bed":3,"spartanweaponry:scythe_silver":69,"minecraft:chiseled_sandstone":1,"minecraft:light_gray_concrete":1,"minecraft:bread":7,"minecraft:iron_pickaxe":181,"spartanweaponry:halberd_iron":14,"minecraft:gravel":1,"spartanshields:shield_basic_iron":1,"minecraft:green_carpet":1,"minecraft:cobblestone":4,"minecraft:porkchop":2,"minecraft:cooked_porkchop":14},"minecraft:mined":{"minecraft:white_bed":1,"minecraft:granite":8,"minecraft:acacia_log":4,"minecraft:grass_block":5,"minecraft:sandstone":1,"cgm:workbench":1,"minecraft:hay_block":1,"minecraft:tall_seagrass":1,"minecraft:iron_ore":49,"minecraft:andesite":10,"minecraft:light_gray_concrete":4,"minecraft:green_carpet":1,"minecraft:stone":34,"minecraft:white_wool":1,"minecraft:acacia_leaves":1,"minecraft:lily_of_the_valley":8,"minecraft:dandelion":1,"minecraft:crafting_table":3,"minecraft:tall_grass":3,"minecraft:sugar_cane":5,"minecraft:diorite":5,"minecraft:grass":20,"minecraft:coal_ore":49,"minecraft:oak_log":3,"minecraft:gravel":10,"minecraft:sand":8,"minecraft:dirt":15,"minecraft:terracotta":1,"minecraft:netherrack":1,"minecraft:oak_leaves":4},"minecraft:dropped":{"minecraft:iron_ingot":35,"minecraft:wheat_seeds":2,"minecraft:golden_helmet":4,"minecraft:cooked_porkchop":8,"minecraft:iron_helmet":2,"minecraft:feather":3,"minecraft:cobblestone":4,"spartanweaponry:scythe_silver":1,"minecraft:coal":83,"minecraft:dirt":13,"minecraft:diorite":12,"minecraft:rabbit":1,"minecraft:brown_wool":2,"minecraft:zombie_head":2,"minecraft:iron_leggings":1,"minecraft:green_carpet":1,"minecraft:sand":20,"minecraft:iron_pickaxe":3,"minecraft:string":2,"minecraft:smooth_sandstone":7,"minecraft:gray_dye":8,"cgm:rifle":2,"minecraft:gravel":8,"minecraft:iron_nugget":1,"spartanweaponry:scythe_iron":1,"minecraft:wheat":1,"minecraft:smooth_sandstone_stairs":1,"minecraft:rotten_flesh":15,"minecraft:poppy":2,"minecraft:sea_pickle":5,"minecraft:gunpowder":10,"minecraft:skeleton_skull":1,"minecraft:andesite":4,"minecraft:white_dye":5,"minecraft:iron_ore":47,"minecraft:netherrack":2,"minecraft:egg":1,"minecraft:terracotta":1}},"DataVersion":2586}